id,term,ipa,category,type,definition_en,meaning_vi,source_sentence,my_sentence,priority,collocation_pattern,ielts_topics,skill_use,difficulty,card_types,origin,review_status,anki_export,tags
health-001,outbreak,/ˈaʊt.breɪk/,"Outbreak, Disease & Public Health",word,"the sudden start of something unpleasant, especially disease or violence",đợt bùng phát,The health ministry declared an outbreak after dozens of new cases appeared within a single week.,,P1,outbreak,health-medicine;environment;urban-rural,reading;writing-task2;speaking-part3,C1,basic;cloze;production,teacher,approved,yes,dengue;public-health;health
health-002,dengue fever,/ˈdeŋ.ɡeɪ ˌfiː.vər/,"Outbreak, Disease & Public Health",noun_phrase,a tropical disease spread by mosquitoes that causes fever and severe pain in the joints,sốt xuất huyết,Travelers to Southeast Asia are often warned about dengue fever during the rainy season.,,P1,dengue fever,health-medicine;environment;urban-rural,reading;writing-task2;speaking-part3,C1,basic;cloze;production,teacher,approved,yes,dengue;public-health;health
health-003,mosquito-borne,/məˈskiː.təʊ ˌbɔːn/,"Outbreak, Disease & Public Health",word,carried and transmitted by mosquitoes,lây truyền qua muỗi,"Mosquito-borne illnesses tend to peak in countries with hot, humid climates.",,P1,mosquito-borne,health-medicine;environment;urban-rural,reading;writing-task2;speaking-part3,C1,basic;cloze;production,teacher,approved,yes,dengue;public-health;health
health-004,mosquito-borne virus,/məˈskiː.təʊ bɔːn ˈvaɪə.rəs/,"Outbreak, Disease & Public Health",noun_phrase,a virus passed from one host to another through the bite of an infected mosquito,virus lây truyền qua muỗi,Dengue is one of the most widespread mosquito-borne viruses in tropical regions.,,P1,mosquito-borne virus,health-medicine;environment;urban-rural,reading;writing-task2;speaking-part3,C1,basic;cloze;production,teacher,approved,yes,dengue;public-health;health
health-005,mosquito-borne viral infection,/məˈskiː.təʊ bɔːn ˈvaɪə.rəl ɪnˈfek.ʃən/,"Outbreak, Disease & Public Health",noun_phrase,any disease caused by a virus that is transmitted to humans through mosquito bites,bệnh nhiễm virus do muỗi truyền,Health officials are urging the public to take precautions against mosquito-borne viral infections.,,P1,mosquito-borne viral infection,health-medicine;environment;urban-rural,reading;writing-task2;speaking-part3,C1,basic;cloze;production,teacher,approved,yes,dengue;public-health;health
health-006,viral infection,/ˈvaɪə.rəl ɪnˈfek.ʃən/,"Outbreak, Disease & Public Health",noun_phrase,an illness caused by a virus entering the body,nhiễm virus,A simple blood test can confirm whether the patient has a viral infection.,,P1,viral infection,health-medicine;environment;urban-rural,reading;writing-task2;speaking-part3,C1,basic;cloze;production,teacher,approved,yes,dengue;public-health;health
health-007,the virus,/ðə ˈvaɪə.rəs/,"Outbreak, Disease & Public Health",noun_phrase,"an extremely small living thing that causes disease in people, animals and plants",virus,Scientists are racing to develop a vaccine against the virus before the next rainy season.,,P1,the virus,health-medicine;environment;urban-rural,reading;writing-task2;speaking-part3,C1,basic;cloze;production,teacher,approved,yes,dengue;public-health;health
health-008,die from / die of,/daɪ frɒm/ /daɪ ɒv/,"Outbreak, Disease & Public Health",prepositional_pattern,"to lose one's life as a result of a particular disease, injury or cause","chết vì, chết do",Hundreds of children still die from preventable diseases every year in low-income regions.,,P1,die from / die of,health-medicine;environment;urban-rural,reading;writing-task2;speaking-part3,C1,basic;cloze;production,teacher,approved,yes,dengue;public-health;health
health-009,fatality,/fəˈtæl.ə.ti/,"Outbreak, Disease & Public Health",word,"a death caused by an accident, war, violence or disease",ca tử vong,Authorities reported the first fatality of the epidemic late on Sunday evening.,,P1,fatality,health-medicine;environment;urban-rural,reading;writing-task2;speaking-part3,C1,basic;cloze;production,teacher,approved,yes,dengue;public-health;health
health-010,fatalities,/fəˈtæl.ə.tiz/,"Outbreak, Disease & Public Health",word,deaths resulting from a particular cause or event,số người tử vong,Officials fear that fatalities will continue to rise until the rainy season ends.,,P1,fatalities,health-medicine;environment;urban-rural,reading;writing-task2;speaking-part3,C1,basic;cloze;production,teacher,approved,yes,dengue;public-health;health
health-011,death,/deθ/,"Outbreak, Disease & Public Health",word,the end of the life of a person or animal,cái chết,The death of the patient prompted an urgent review of hospital procedures.,,P1,death,health-medicine;environment;urban-rural,reading;writing-task2;speaking-part3,C1,basic;cloze;production,teacher,approved,yes,dengue;public-health;health
health-012,dengue-related death,/ˈdeŋ.ɡeɪ rɪˈleɪ.tɪd deθ/,"Outbreak, Disease & Public Health",noun_phrase,a death that occurs as a direct result of dengue fever or its complications,ca tử vong do sốt xuất huyết,Most dengue-related deaths involve patients who arrive at hospital too late for treatment.,,P1,dengue-related death,health-medicine;environment;urban-rural,reading;writing-task2;speaking-part3,C1,basic;cloze;production,teacher,approved,yes,dengue;public-health;health
health-013,infection,/ɪnˈfek.ʃən/,"Outbreak, Disease & Public Health",word,the act or process of causing or getting a disease,sự lây nhiễm,The infection spread quickly through the densely populated neighborhood.,,P1,infection,health-medicine;environment;urban-rural,reading;writing-task2;speaking-part3,C1,basic;cloze;production,teacher,approved,yes,dengue;public-health;health
health-014,test positive for,/test ˈpɒz.ə.tɪv fər/,"Outbreak, Disease & Public Health",prepositional_pattern,"to show, through a medical test, that a person has a particular disease or substance in their body",có kết quả xét nghiệm dương tính với,Two members of the family tested positive for the virus after returning from their village.,,P1,test positive for,health-medicine;environment;urban-rural,reading;writing-task2;speaking-part3,C1,basic;cloze;production,teacher,approved,yes,dengue;public-health;health
health-015,preventive measures,/prɪˈven.tɪv ˈmeʒ.əz/,"Outbreak, Disease & Public Health",noun_phrase,actions taken in advance to stop something bad from happening,các biện pháp phòng ngừa,Spraying drains and clearing standing water are basic preventive measures against mosquitoes.,,P1,preventive measures,health-medicine;environment;urban-rural,reading;writing-task2;speaking-part3,C1,basic;cloze;production,teacher,approved,yes,dengue;public-health;health
health-016,lack the proper preventive measures,/læk ðə ˈprɒp.ə prɪˈven.tɪv ˈmeʒ.əz/,"Outbreak, Disease & Public Health",verb_phrase,to not have the adequate strategies or resources needed to prevent a problem from occurring,thiếu các biện pháp phòng ngừa thích đáng,Rural clinics often lack the proper preventive measures to control outbreaks at an early stage.,,P2,lack the proper preventive measures,health-medicine;environment;urban-rural,reading;writing-task2;speaking-part3,B2,basic;cloze;production,teacher,approved,yes,dengue;public-health;health
health-017,contain,/kənˈteɪn/,"Outbreak, Disease & Public Health",verb_phrase,to control something so that it stays within a limited area or does not get worse,"kiểm soát, ngăn chặn",Officials are working around the clock to contain the outbreak before it spreads further.,,P2,contain,health-medicine;environment;urban-rural,reading;writing-task2;speaking-part3,B2,basic;cloze;production,teacher,approved,yes,dengue;public-health;health
health-018,support care,/səˈpɔːt keər/,"Outbreak, Disease & Public Health",verb_phrase,medical treatment that helps a patient's body cope with illness rather than curing the disease directly,chăm sóc hỗ trợ,Doctors provided support care while waiting for the patient's immune system to fight off the virus.,,P2,support care,health-medicine;environment;urban-rural,reading;writing-task2;speaking-part3,B2,basic;cloze;production,teacher,approved,yes,dengue;public-health;health
hosp-001,hospital system,/ˈhɒs.pɪ.təl ˌsɪs.təm/,Healthcare System & Hospitals,noun_phrase,the network of hospitals and medical services available in a region or country,hệ thống bệnh viện,The hospital system struggled to cope with the sudden surge of new admissions.,,P2,hospital system,health-medicine;environment;urban-rural,reading;writing-task2;speaking-part3,B2,basic;cloze;production,teacher,approved,yes,dengue;public-health;hosp
hosp-002,overwhelmed,/ˌəʊ.vəˈwelmd/,Healthcare System & Hospitals,word,having more work or problems than one can deal with,quá tải,Nurses said the emergency ward had been overwhelmed for weeks.,,P2,overwhelmed,health-medicine;environment;urban-rural,reading;writing-task2;speaking-part3,B2,basic;cloze;production,teacher,approved,yes,dengue;public-health;hosp
hosp-003,overwhelmed hospitals,/ˌəʊ.vəˈwelmd ˈhɒs.pɪ.təlz/,Healthcare System & Hospitals,noun_phrase,"hospitals that cannot cope with the demand placed on them, often because of too many patients or too few resources",các bệnh viện bị quá tải,Reporters filmed scenes of overwhelmed hospitals turning away non-emergency patients.,,P2,overwhelmed hospitals,health-medicine;environment;urban-rural,reading;writing-task2;speaking-part3,B2,basic;cloze;production,teacher,approved,yes,dengue;public-health;hosp
hosp-004,strain,/streɪn/,Healthcare System & Hospitals,verb_phrase,"to make great demands on the strength, resources or abilities of something","gây áp lực, làm căng thẳng",The unexpected influx of patients began to strain the small clinic's limited budget.,,P2,strain,health-medicine;environment;urban-rural,reading;writing-task2;speaking-part3,B2,basic;cloze;production,teacher,approved,yes,dengue;public-health;hosp
hosp-005,strain scarce resources,/streɪn skeəs rɪˈzɔː.sɪz/,Healthcare System & Hospitals,verb_phrase,to put further pressure on supplies or services that are already limited,gây áp lực lên các nguồn lực vốn đã khan hiếm,The arrival of thousands of new refugees has strained scarce resources in border towns.,,P2,strain scarce resources,health-medicine;environment;urban-rural,reading;writing-task2;speaking-part3,B2,basic;cloze;production,teacher,approved,yes,dengue;public-health;hosp
hosp-006,scarce resources,/skeəs rɪˈzɔː.sɪz/,Healthcare System & Hospitals,noun_phrase,"supplies, materials or services that are not enough to meet demand",nguồn lực khan hiếm,Aid workers must decide carefully how to distribute scarce resources among the hospitals.,,P2,scarce resources,health-medicine;environment;urban-rural,reading;writing-task2;speaking-part3,B2,basic;cloze;production,teacher,approved,yes,dengue;public-health;hosp
hosp-007,shortage,/ˈʃɔː.tɪdʒ/,Healthcare System & Hospitals,word,a situation in which there is not enough of something that people need,sự thiếu hụt,A shortage of trained nurses has slowed the response to the crisis.,,P2,shortage,health-medicine;environment;urban-rural,reading;writing-task2;speaking-part3,B2,basic;cloze;production,teacher,approved,yes,dengue;public-health;hosp
hosp-008,face shortages of,/feɪs ˈʃɔː.tɪ.dʒɪz ɒv/,Healthcare System & Hospitals,prepositional_pattern,"to experience a lack of essential goods, supplies or services",đối mặt với tình trạng thiếu hụt,Several rural districts are facing shortages of basic medical equipment.,,P2,face shortages of,health-medicine;environment;urban-rural,reading;writing-task2;speaking-part3,B2,basic;cloze;production,teacher,approved,yes,dengue;public-health;hosp
hosp-009,intravenous fluids,/ˌɪn.trəˈviː.nəs ˈfluː.ɪdz/,Healthcare System & Hospitals,noun_phrase,liquids given to a patient directly through a vein using a needle and tube,dịch truyền tĩnh mạch,The doctor ordered intravenous fluids to prevent further dehydration.,,P2,intravenous fluids,health-medicine;environment;urban-rural,reading;writing-task2;speaking-part3,B2,basic;cloze;production,teacher,approved,yes,dengue;public-health;hosp
hosp-010,IV treatment,/ˌaɪˈviː ˈtriːt.mənt/,Healthcare System & Hospitals,noun_phrase,medical treatment delivered through a tube inserted into a vein,điều trị truyền tĩnh mạch,Severe cases usually require IV treatment for at least 48 hours.,,P2,IV treatment,health-medicine;environment;urban-rural,reading;writing-task2;speaking-part3,B2,basic;cloze;production,teacher,approved,yes,dengue;public-health;hosp
hosp-011,rehydrate,/ˌriːˈhaɪ.dreɪt/,Healthcare System & Hospitals,verb_phrase,to replace the water that a person or thing has lost,bù nước,Nurses worked through the night to rehydrate patients suffering from high fever.,,P2,rehydrate,health-medicine;environment;urban-rural,reading;writing-task2;speaking-part3,B2,basic;cloze;production,teacher,approved,yes,dengue;public-health;hosp
hosp-012,rehydrate patients with dengue,/ˌriːˈhaɪ.dreɪt ˈpeɪ.ʃənts wɪð ˈdeŋ.ɡeɪ/,Healthcare System & Hospitals,prepositional_pattern,"to restore body-fluid levels in people suffering from dengue fever, usually by means of a drip",bù nước cho bệnh nhân sốt xuất huyết,Drip stations were set up in corridors to rehydrate patients with dengue who could not be admitted to a ward.,,P2,rehydrate patients with dengue,health-medicine;environment;urban-rural,reading;writing-task2;speaking-part3,B2,basic;cloze;production,teacher,approved,yes,dengue;public-health;hosp
hosp-013,undergo treatment,/ˌʌn.dəˈɡəʊ ˈtriːt.mənt/,Healthcare System & Hospitals,verb_phrase,"to receive medical care, especially over a period of time",đang được điều trị,More than ten thousand patients are currently undergoing treatment in public hospitals.,,P2,undergo treatment,health-medicine;environment;urban-rural,reading;writing-task2;speaking-part3,B2,basic;cloze;production,teacher,approved,yes,dengue;public-health;hosp
hosp-014,undergo treatment for dengue in hospitals,/ˌʌn.dəˈɡəʊ ˈtriːt.mənt fə ˈdeŋ.ɡeɪ ɪn ˈhɒs.pɪ.təlz/,Healthcare System & Hospitals,prepositional_pattern,to receive in-patient medical care for dengue fever inside hospital facilities,đang được điều trị sốt xuất huyết trong các bệnh viện,Thousands of children are undergoing treatment for dengue in hospitals across the country.,,P2,undergo treatment for dengue in hospitals,health-medicine;environment;urban-rural,reading;writing-task2;speaking-part3,B2,basic;cloze;production,teacher,approved,yes,dengue;public-health;hosp
hosp-015,public health expert,/ˈpʌb.lɪk helθ ˈek.spɜːt/,Healthcare System & Hospitals,noun_phrase,a specialist trained in protecting and improving the health of populations,chuyên gia y tế công cộng,A panel of public health experts will advise the government on the next phase of the response.,,P2,public health expert,health-medicine;environment;urban-rural,reading;writing-task2;speaking-part3,B2,basic;cloze;production,teacher,approved,yes,dengue;public-health;hosp
hosp-016,director general,/dəˈrek.tə ˈdʒen.ər.əl/,Healthcare System & Hospitals,noun_phrase,the most senior officer in charge of a large organization,tổng giám đốc,The director general announced new funding for vaccine research at the press conference.,,P2,director general,health-medicine;environment;urban-rural,reading;writing-task2;speaking-part3,B2,basic;cloze;production,teacher,approved,yes,dengue;public-health;hosp
hosp-017,news briefing,/njuːz ˈbriː.fɪŋ/,Healthcare System & Hospitals,noun_phrase,a short meeting at which officials give information to journalists,buổi họp báo,Reporters gathered for the weekly news briefing on the public health emergency.,,P2,news briefing,health-medicine;environment;urban-rural,reading;writing-task2;speaking-part3,B2,basic;cloze;production,teacher,approved,yes,dengue;public-health;hosp
clim-001,climate change,/ˈklaɪ.mət tʃeɪndʒ/,"Climate, Environment & Geography",noun_phrase,"changes in the world's weather, in particular the fact that it is believed to be getting warmer",biến đổi khí hậu,Climate change is shifting the seasons in ways that affect agriculture worldwide.,,P2,climate change,health-medicine;environment;urban-rural,reading;writing-task2;speaking-part3,B2,basic;cloze;production,teacher,approved,yes,dengue;public-health;clim
clim-002,the warming planet,/ðə ˈwɔː.mɪŋ ˈplæn.ɪt/,"Climate, Environment & Geography",noun_phrase,the gradual rise in the Earth's average temperature,hành tinh đang nóng lên,Coral reefs around the world are dying as a result of the warming planet.,,P2,the warming planet,health-medicine;environment;urban-rural,reading;writing-task2;speaking-part3,B2,basic;cloze;production,teacher,approved,yes,dengue;public-health;clim
clim-003,weather patterns,/ˈweð.ə ˈpæt.ənz/,"Climate, Environment & Geography",noun_phrase,the typical ways in which weather behaves over a period of time in a particular place,các kiểu thời tiết,Farmers have noticed that the region's weather patterns are no longer predictable.,,P2,weather patterns,health-medicine;environment;urban-rural,reading;writing-task2;speaking-part3,B2,basic;cloze;production,teacher,approved,yes,dengue;public-health;clim
clim-004,monsoon seasons,/mɒnˈsuːn ˈsiː.zənz/,"Climate, Environment & Geography",noun_phrase,the periods of heavy rain that occur each year in southern Asia and nearby countries,mùa gió mùa,Roads in the lowlands often flood during the monsoon seasons.,,P2,monsoon seasons,health-medicine;environment;urban-rural,reading;writing-task2;speaking-part3,B2,basic;cloze;production,teacher,approved,yes,dengue;public-health;clim
clim-005,monsoon seasons that are wetter and hotter,/mɒnˈsuːn ˈsiː.zənz ðət ə ˈwet.ə ənd ˈhɒt.ə/,"Climate, Environment & Geography",noun_phrase,"rainy periods that bring more rainfall and higher temperatures than usual, creating ideal conditions for mosquito breeding",những mùa mưa nóng hơn và ẩm ướt hơn,Climate scientists warn of monsoon seasons that are wetter and hotter than at any time on record.,,P2,monsoon seasons that are wetter and hotter,health-medicine;environment;urban-rural,reading;writing-task2;speaking-part3,B2,basic;cloze;production,teacher,approved,yes,dengue;public-health;clim
clim-006,dengue is common in tropical areas,/ˈdeŋ.ɡeɪ ɪz ˈkɒm.ən ɪn ˈtrɒp.ɪ.kəl ˈeə.ri.əz/,"Climate, Environment & Geography",prepositional_pattern,dengue fever occurs frequently in regions with warm and humid climates,sốt xuất huyết phổ biến ở các khu vực nhiệt đới,Doctors remind travelers that dengue is common in tropical areas during the rainy season.,,P2,dengue is common in tropical areas,health-medicine;environment;urban-rural,reading;writing-task2;speaking-part3,B2,basic;cloze;production,teacher,approved,yes,dengue;public-health;clim
clim-007,tropical area,/ˈtrɒp.ɪ.kəl ˈeə.ri.ə/,"Climate, Environment & Geography",noun_phrase,"the hot, wet region of the world near the equator",vùng nhiệt đới,Many infectious diseases that were once confined to tropical areas are now appearing elsewhere.,,P2,tropical area,health-medicine;environment;urban-rural,reading;writing-task2;speaking-part3,B2,basic;cloze;production,teacher,approved,yes,dengue;public-health;clim
clim-008,breeding environment,/ˈbriː.dɪŋ ɪnˈvaɪə.rən.mənt/,"Climate, Environment & Geography",noun_phrase,conditions that allow animals or insects to produce young,môi trường sinh sản,"Warm, stagnant pools provide an ideal breeding environment for insects.",,P2,breeding environment,health-medicine;environment;urban-rural,reading;writing-task2;speaking-part3,B2,basic;cloze;production,teacher,approved,yes,dengue;public-health;clim
clim-009,breeding ground,/ˈbriː.dɪŋ ɡraʊnd/,"Climate, Environment & Geography",noun_phrase,"a place where animals come to produce their young, or a place where something undesirable develops",nơi sinh sản,Abandoned tires can quickly become a breeding ground for disease-carrying insects.,,P2,breeding ground,health-medicine;environment;urban-rural,reading;writing-task2;speaking-part3,B2,basic;cloze;production,teacher,approved,yes,dengue;public-health;clim
clim-010,standing water,/ˈstæn.dɪŋ ˈwɔː.tə/,"Climate, Environment & Geography",noun_phrase,water that does not move or flow,nước tù đọng,Residents were urged to empty buckets and other containers of standing water.,,P2,standing water,health-medicine;environment;urban-rural,reading;writing-task2;speaking-part3,B2,basic;cloze;production,teacher,approved,yes,dengue;public-health;clim
clim-011,store copious amounts of standing water,/stɔː ˈkəʊ.pi.əs əˈmaʊnts əv ˈstæn.dɪŋ ˈwɔː.tə/,"Climate, Environment & Geography",prepositional_pattern,"to hold large quantities of water that does not flow away, creating ideal conditions for mosquito breeding",chứa lượng lớn nước tù đọng,Blocked gutters store copious amounts of standing water on rooftops throughout the wet season.,,P2,store copious amounts of standing water,health-medicine;environment;urban-rural,reading;writing-task2;speaking-part3,B2,basic;cloze;production,teacher,approved,yes,dengue;public-health;clim
clim-012,clogged drainage systems,/klɒɡd ˈdreɪ.nɪdʒ ˈsɪs.təmz/,"Climate, Environment & Geography",noun_phrase,drainage networks blocked with waste so that water cannot flow freely,hệ thống thoát nước bị tắc nghẽn,Clogged drainage systems are a constant problem in the older parts of the city.,,P2,clogged drainage systems,health-medicine;environment;urban-rural,reading;writing-task2;speaking-part3,B2,basic;cloze;production,teacher,approved,yes,dengue;public-health;clim
clim-013,drainage system,/ˈdreɪ.nɪdʒ ˈsɪs.təm/,"Climate, Environment & Geography",noun_phrase,a network of pipes or channels that carry away unwanted water or waste liquid,hệ thống thoát nước,The city's aging drainage system cannot handle heavy rainfall.,,P2,drainage system,health-medicine;environment;urban-rural,reading;writing-task2;speaking-part3,B2,basic;cloze;production,teacher,approved,yes,dengue;public-health;clim
clim-014,densely populated,/ˈdens.li ˈpɒp.jə.leɪ.tɪd/,"Climate, Environment & Geography",noun_phrase,having a very large number of people living within a small area,có mật độ dân số cao,Most of the new infections were reported in densely populated parts of the city.,,P2,densely populated,health-medicine;environment;urban-rural,reading;writing-task2;speaking-part3,B2,basic;cloze;production,teacher,approved,yes,dengue;public-health;clim
clim-015,slum,/slʌm/,"Climate, Environment & Geography",word,an area of a city that is very poor and where the houses are dirty and in bad condition,khu ổ chuột,Families living in the slum often share a single water tap with their neighbors.,,P2,slum,health-medicine;environment;urban-rural,reading;writing-task2;speaking-part3,B2,basic;cloze;production,teacher,approved,yes,dengue;public-health;clim
clim-016,"living in slums, where sanitation is poor",/ˈlɪv.ɪŋ ɪn slʌmz weə ˌsæn.ɪˈteɪ.ʃən ɪz pɔː/,"Climate, Environment & Geography",prepositional_pattern,residing in overcrowded urban areas that lack proper waste-disposal and clean-water facilities,"sống trong các khu ổ chuột, nơi điều kiện vệ sinh kém","Millions of people are living in slums, where sanitation is poor and disease spreads easily.",,P2,"living in slums, where sanitation is poor",health-medicine;environment;urban-rural,reading;writing-task2;speaking-part3,B2,basic;cloze;production,teacher,approved,yes,dengue;public-health;clim
clim-017,sanitation,/ˌsæn.ɪˈteɪ.ʃən/,"Climate, Environment & Geography",word,the systems for taking dirty water and other waste products away from buildings in order to protect people's health,vệ sinh môi trường,Poor sanitation in low-income neighborhoods has made the epidemic harder to control.,,P2,sanitation,health-medicine;environment;urban-rural,reading;writing-task2;speaking-part3,B2,basic;cloze;production,teacher,approved,yes,dengue;public-health;clim
clim-018,beleaguered infrastructure,/bɪˈliː.ɡəd ˈɪn.frə.strʌk.tʃə/,"Climate, Environment & Geography",noun_phrase,the basic systems and services of a country or city that are under serious pressure or difficulty,cơ sở hạ tầng đang gặp khó khăn,Years of underinvestment have left the country with a beleaguered infrastructure.,,P2,beleaguered infrastructure,health-medicine;environment;urban-rural,reading;writing-task2;speaking-part3,B2,basic;cloze;production,teacher,approved,yes,dengue;public-health;clim
clim-019,a city with a beleaguered infrastructure,/ə ˈsɪt.i wɪð ə bɪˈliː.ɡəd ˈɪn.frə.strʌk.tʃə/,"Climate, Environment & Geography",prepositional_pattern,"an urban area whose basic systems such as roads, water supply and sewage are struggling to function",một thành phố có cơ sở hạ tầng đang gặp khó khăn,Dhaka is a city with a beleaguered infrastructure that cannot keep up with its growing population.,,P2,a city with a beleaguered infrastructure,health-medicine;environment;urban-rural,reading;writing-task2;speaking-part3,B2,basic;cloze;production,teacher,approved,yes,dengue;public-health;clim
clim-020,is home to,/ɪz həʊm tu/,"Climate, Environment & Geography",prepositional_pattern,"to be the place where a particular group of people, animals or things can be found","là nơi sinh sống của, là nơi có",Bangladesh is home to more than 170 million people.,,P2,is home to,health-medicine;environment;urban-rural,reading;writing-task2;speaking-part3,B2,basic;cloze;production,teacher,approved,yes,dengue;public-health;clim
scale-001,severe,/sɪˈvɪə/,Scale & Severity,word,extremely bad or serious,nghiêm trọng,Patients with severe symptoms were transferred to the intensive care unit.,,P2,severe,health-medicine;environment;urban-rural,reading;writing-task2;speaking-part3,B2,basic;cloze;production,teacher,approved,yes,dengue;public-health;scale
scale-002,the most severe in history,/ðə məʊst sɪˈvɪər ɪn ˈhɪs.tər.i/,Scale & Severity,prepositional_pattern,the worst that has ever been recorded,nghiêm trọng nhất trong lịch sử,Scientists described the heatwave as the most severe in history.,,P2,the most severe in history,health-medicine;environment;urban-rural,reading;writing-task2;speaking-part3,B2,basic;cloze;production,teacher,approved,yes,dengue;public-health;scale
scale-003,fast-spreading,/fɑːst ˈspred.ɪŋ/,Scale & Severity,word,moving or growing through an area very quickly,lây lan nhanh,Officials warned residents about a fast-spreading rumor on social media.,,P2,fast-spreading,health-medicine;environment;urban-rural,reading;writing-task2;speaking-part3,B2,basic;cloze;production,teacher,approved,yes,dengue;public-health;scale
scale-004,crisis,/ˈkraɪ.sɪs/,Scale & Severity,word,"a time of great danger, difficulty or doubt when problems must be solved or important decisions made",khủng hoảng,The financial crisis forced the government to cut public spending sharply.,,P2,crisis,health-medicine;environment;urban-rural,reading;writing-task2;speaking-part3,B2,basic;cloze;production,teacher,approved,yes,dengue;public-health;scale
scale-005,worsening,/ˈwɜː.sən.ɪŋ/,Scale & Severity,word,becoming worse,đang trở nên tồi tệ hơn,Doctors are alarmed by the worsening shortage of essential medicines.,,P2,worsening,health-medicine;environment;urban-rural,reading;writing-task2;speaking-part3,B2,basic;cloze;production,teacher,approved,yes,dengue;public-health;scale
scale-006,severity,/sɪˈver.ə.ti/,Scale & Severity,word,"the fact or condition of being very bad, serious or unpleasant",mức độ nghiêm trọng,Reports from the field underestimated the severity of the damage.,,P2,severity,health-medicine;environment;urban-rural,reading;writing-task2;speaking-part3,B2,basic;cloze;production,teacher,approved,yes,dengue;public-health;scale
scale-007,add to the severity,/æd tə ðə sɪˈver.ə.ti/,Scale & Severity,prepositional_pattern,to make a serious situation even worse,làm tăng thêm mức độ nghiêm trọng,Power cuts added to the severity of the heatwave for elderly residents.,,P2,add to the severity,health-medicine;environment;urban-rural,reading;writing-task2;speaking-part3,B2,basic;cloze;production,teacher,approved,yes,dengue;public-health;scale
scale-008,threat,/θret/,Scale & Severity,word,a person or thing likely to cause damage or danger,mối đe dọa,Antibiotic resistance has become a major threat to global health.,,P2,threat,health-medicine;environment;urban-rural,reading;writing-task2;speaking-part3,B2,basic;cloze;production,teacher,approved,yes,dengue;public-health;scale
scale-009,rise,/raɪz/,Scale & Severity,word,"an increase in the amount, number or level of something",sự gia tăng,Officials are investigating the recent rise in respiratory illnesses.,,P2,rise,health-medicine;environment;urban-rural,reading;writing-task2;speaking-part3,B2,basic;cloze;production,teacher,approved,yes,dengue;public-health;scale
scale-010,decline,/dɪˈklaɪn/,Scale & Severity,word,"to become smaller, fewer or less",giảm xuống,Case numbers began to decline after the new restrictions took effect.,,P2,decline,health-medicine;environment;urban-rural,reading;writing-task2;speaking-part3,B2,basic;cloze;production,teacher,approved,yes,dengue;public-health;scale
scale-011,spread,/spred/,Scale & Severity,word,to affect or be known by more and more people or over a larger area,lan rộng,Misinformation about the disease has spread rapidly online.,,P2,spread,health-medicine;environment;urban-rural,reading;writing-task2;speaking-part3,B2,basic;cloze;production,teacher,approved,yes,dengue;public-health;scale
people-001,rural residents,/ˈrʊə.rəl ˈrez.ɪ.dənts/,"People, Refugees & Vulnerable Groups",noun_phrase,people who live in the countryside rather than in towns or cities,cư dân nông thôn,Rural residents often have to travel long distances to reach the nearest clinic.,,P2,rural residents,health-medicine;environment;urban-rural,reading;writing-task2;speaking-part3,B2,basic;cloze;production,teacher,approved,yes,dengue;public-health;people
people-002,rural area,/ˈrʊə.rəl ˈeə.ri.ə/,"People, Refugees & Vulnerable Groups",noun_phrase,"an area in the countryside, away from large towns or cities",khu vực nông thôn,Internet access remains limited in many rural areas.,,P2,rural area,health-medicine;environment;urban-rural,reading;writing-task2;speaking-part3,B2,basic;cloze;production,teacher,approved,yes,dengue;public-health;people
people-003,refugee,/ˌref.juˈdʒiː/,"People, Refugees & Vulnerable Groups",word,"a person who has been forced to leave their country in order to escape war, persecution or natural disaster",người tị nạn,Aid agencies are calling for more support for refugees crossing the border.,,P2,refugee,health-medicine;environment;urban-rural,reading;writing-task2;speaking-part3,B2,basic;cloze;production,teacher,approved,yes,dengue;public-health;people
people-004,refugee camp,/ˌref.juˈdʒiː kæmp/,"People, Refugees & Vulnerable Groups",noun_phrase,a place where people who have fled their country are temporarily housed,trại tị nạn,Conditions in the refugee camp have deteriorated since the start of the rainy season.,,P2,refugee camp,health-medicine;environment;urban-rural,reading;writing-task2;speaking-part3,B2,basic;cloze;production,teacher,approved,yes,dengue;public-health;people
people-005,crowded camp,/ˈkraʊ.dɪd kæmp/,"People, Refugees & Vulnerable Groups",noun_phrase,a temporary settlement holding far more people than it was designed for,khu trại đông đúc,Disease spreads quickly in crowded camps where families share small shelters.,,P2,crowded camp,health-medicine;environment;urban-rural,reading;writing-task2;speaking-part3,B2,basic;cloze;production,teacher,approved,yes,dengue;public-health;people
people-006,patient,/ˈpeɪ.ʃənt/,"People, Refugees & Vulnerable Groups",word,"a person who is receiving medical treatment, especially in a hospital",bệnh nhân,Each patient is screened for symptoms before being admitted.,,P2,patient,health-medicine;environment;urban-rural,reading;writing-task2;speaking-part3,B2,basic;cloze;production,teacher,approved,yes,dengue;public-health;people
people-007,authorities,/ɔːˈθɒr.ə.tiz/,"People, Refugees & Vulnerable Groups",word,people or organizations with the power to make official decisions,nhà chức trách,The authorities urged the public to remain calm and follow safety guidelines.,,P2,authorities,health-medicine;environment;urban-rural,reading;writing-task2;speaking-part3,B2,basic;cloze;production,teacher,approved,yes,dengue;public-health;people
people-008,health officials,/helθ əˈfɪʃ.əlz/,"People, Refugees & Vulnerable Groups",noun_phrase,people whose job involves making decisions about public health,quan chức y tế,Health officials issued a warning after detecting a new strain of the virus.,,P2,health officials,health-medicine;environment;urban-rural,reading;writing-task2;speaking-part3,B2,basic;cloze;production,teacher,approved,yes,dengue;public-health;people
symp-001,piercing headache,/ˈpɪə.sɪŋ ˈhed.eɪk/,Symptoms & Medical Effects,noun_phrase,"a very sharp, intense pain in the head",đau đầu dữ dội,She woke up with a piercing headache that lasted all morning.,,P2,piercing headache,health-medicine;environment;urban-rural,reading;writing-task2;speaking-part3,B2,basic;cloze;production,teacher,approved,yes,dengue;public-health;symp
symp-002,nausea,/ˈnɔː.zi.ə/,Symptoms & Medical Effects,word,the feeling that you are going to vomit,buồn nôn,The medication can cause nausea and dizziness in some patients.,,P2,nausea,health-medicine;environment;urban-rural,reading;writing-task2;speaking-part3,B2,basic;cloze;production,teacher,approved,yes,dengue;public-health;symp
symp-003,muscle and joint pain,/ˈmʌs.əl ənd dʒɔɪnt peɪn/,Symptoms & Medical Effects,noun_phrase,soreness or aching in the muscles and the places where bones meet,đau cơ và đau khớp,Flu often causes muscle and joint pain that can last for several days.,,P2,muscle and joint pain,health-medicine;environment;urban-rural,reading;writing-task2;speaking-part3,B2,basic;cloze;production,teacher,approved,yes,dengue;public-health;symp
symp-004,symptom,/ˈsɪmp.təm/,Symptoms & Medical Effects,word,a change in the body that indicates the presence of a disease,triệu chứng,Anyone showing symptoms should isolate immediately and contact a doctor.,,P2,symptom,health-medicine;environment;urban-rural,reading;writing-task2;speaking-part3,B2,basic;cloze;production,teacher,approved,yes,dengue;public-health;symp
symp-005,cause death,/kɔːz deθ/,Symptoms & Medical Effects,verb_phrase,to result in someone dying,gây tử vong,Untreated infections of this kind can cause death within a matter of days.,,P2,cause death,health-medicine;environment;urban-rural,reading;writing-task2;speaking-part3,B2,basic;cloze;production,teacher,approved,yes,dengue;public-health;symp
econ-001,pharmacist,/ˈfɑː.mə.sɪst/,"Economy, Supply & Response",word,a person whose job is to prepare and sell medicines,dược sĩ,The pharmacist explained how often the medicine should be taken.,,P2,pharmacist,health-medicine;environment;urban-rural,reading;writing-task2;speaking-part3,B2,basic;cloze;production,teacher,approved,yes,dengue;public-health;econ
econ-002,demand,/dɪˈmɑːnd/,"Economy, Supply & Response",word,the desire or need of customers for goods or services,nhu cầu,Demand for face masks rose sharply at the start of the outbreak.,,P2,demand,health-medicine;environment;urban-rural,reading;writing-task2;speaking-part3,B2,basic;cloze;production,teacher,approved,yes,dengue;public-health;econ
econ-003,increase prices,/ɪnˈkriːs ˈpraɪ.sɪz/,"Economy, Supply & Response",verb_phrase,to raise the amount of money charged for something,tăng giá,Some sellers increased prices unfairly during the shortage.,,P2,increase prices,health-medicine;environment;urban-rural,reading;writing-task2;speaking-part3,B2,basic;cloze;production,teacher,approved,yes,dengue;public-health;econ
econ-004,supplies,/səˈplaɪz/,"Economy, Supply & Response",word,the amounts of things that are provided or available to be used,"nguồn cung cấp, vật tư",Trucks carrying medical supplies arrived at the border on Tuesday.,,P2,supplies,health-medicine;environment;urban-rural,reading;writing-task2;speaking-part3,B2,basic;cloze;production,teacher,approved,yes,dengue;public-health;econ
econ-005,provide supplies,/prəˈvaɪd səˈplaɪz/,"Economy, Supply & Response",verb_phrase,to give materials or goods that are needed,cung cấp vật tư,International donors agreed to provide supplies of clean water and food.,,P2,provide supplies,health-medicine;environment;urban-rural,reading;writing-task2;speaking-part3,B2,basic;cloze;production,teacher,approved,yes,dengue;public-health;econ
econ-006,deploy experts,/dɪˈplɔɪ ˈek.spɜːts/,"Economy, Supply & Response",verb_phrase,to send specialists to a particular place to do a particular job,triển khai chuyên gia,The agency will deploy experts to assess damage in the affected region.,,P2,deploy experts,health-medicine;environment;urban-rural,reading;writing-task2;speaking-part3,B2,basic;cloze;production,teacher,approved,yes,dengue;public-health;econ
econ-007,deployed experts on the ground,/dɪˈplɔɪd ˈek.spɜːts ɒn ðə ɡraʊnd/,"Economy, Supply & Response",prepositional_pattern,sent trained specialists to a specific location to handle or investigate a situation in person,đã triển khai chuyên gia tại hiện trường,The WHO has deployed experts on the ground to help with case management.,,P2,deployed experts on the ground,health-medicine;environment;urban-rural,reading;writing-task2;speaking-part3,B2,basic;cloze;production,teacher,approved,yes,dengue;public-health;econ
econ-008,train doctors,/treɪn ˈdɒk.təz/,"Economy, Supply & Response",verb_phrase,to teach doctors the skills they need for their work,đào tạo bác sĩ,The program will train doctors in emergency response techniques.,,P2,train doctors,health-medicine;environment;urban-rural,reading;writing-task2;speaking-part3,B2,basic;cloze;production,teacher,approved,yes,dengue;public-health;econ
econ-009,on the ground,/ɒn ðə ɡraʊnd/,"Economy, Supply & Response",prepositional_pattern,"in the place where something is actually happening, not in offices far away","tại hiện trường, trực tiếp",Volunteers on the ground reported that aid was finally reaching remote villages.,,P2,on the ground,health-medicine;environment;urban-rural,reading;writing-task2;speaking-part3,B2,basic;cloze;production,teacher,approved,yes,dengue;public-health;econ
econ-010,test for,/test fə/,"Economy, Supply & Response",prepositional_pattern,to examine someone or something in order to find out whether a particular substance or condition is present,xét nghiệm để phát hiện,Travelers were tested for the virus at the airport.,,P2,test for,health-medicine;environment;urban-rural,reading;writing-task2;speaking-part3,B2,basic;cloze;production,teacher,approved,yes,dengue;public-health;econ
report-001,record,/rɪˈkɔːd/,Reporting Verbs & Academic Language,reporting_verb,to officially note down or count something for later reference,ghi nhận,The agency recorded more than a thousand new cases in a single day.,,P2,record,health-medicine;environment;urban-rural,reading;writing-task2;speaking-part3,B2,basic;cloze;production,teacher,approved,yes,dengue;public-health;report
report-002,report,/rɪˈpɔːt/,Reporting Verbs & Academic Language,reporting_verb,to give people information about something that has happened,"báo cáo, đưa tin",Local newspapers reported that schools would remain closed for another week.,,P2,report,health-medicine;environment;urban-rural,reading;writing-task2;speaking-part3,B2,basic;cloze;production,teacher,approved,yes,dengue;public-health;report
report-003,according to,/əˈkɔː.dɪŋ tu/,Reporting Verbs & Academic Language,prepositional_pattern,as stated or reported by someone or something,"theo (lời, nguồn tin)","According to the latest data, unemployment fell slightly last quarter.",,P2,according to,health-medicine;environment;urban-rural,reading;writing-task2;speaking-part3,B2,basic;cloze;production,teacher,approved,yes,dengue;public-health;report
report-004,contribute to,/kənˈtrɪb.juːt tu/,Reporting Verbs & Academic Language,prepositional_pattern,to be one of the causes of something,góp phần vào,Air pollution contributes to thousands of premature deaths every year.,,P2,contribute to,health-medicine;environment;urban-rural,reading;writing-task2;speaking-part3,B2,basic;cloze;production,teacher,approved,yes,dengue;public-health;report
report-005,a combination of factors,/ə ˌkɒm.bɪˈneɪ.ʃən əv ˈfæk.təz/,Reporting Verbs & Academic Language,prepositional_pattern,several different causes acting together,sự kết hợp của nhiều yếu tố,A combination of factors led to the collapse of the local fishing industry.,,P2,a combination of factors,health-medicine;environment;urban-rural,reading;writing-task2;speaking-part3,B2,basic;cloze;production,teacher,approved,yes,dengue;public-health;report
report-006,battle,/ˈbæt.əl/,Reporting Verbs & Academic Language,verb_phrase,to try very hard to deal with a difficult problem over a long period,"đối phó, chiến đấu",Researchers have been battling the disease for more than two decades.,,P2,battle,health-medicine;environment;urban-rural,reading;writing-task2;speaking-part3,B2,basic;cloze;production,teacher,approved,yes,dengue;public-health;report
report-007,lack,/læk/,Reporting Verbs & Academic Language,verb_phrase,to have none or not enough of something,thiếu,The team lacks the experience needed to win at this level.,,P2,lack,health-medicine;environment;urban-rural,reading;writing-task2;speaking-part3,B2,basic;cloze;production,teacher,approved,yes,dengue;public-health;report
report-008,suffer from,/ˈsʌf.ə frɒm/,Reporting Verbs & Academic Language,prepositional_pattern,"to experience the bad effects of an illness, situation or event","chịu đựng, mắc phải",Many older residents suffer from chronic respiratory conditions.,,P2,suffer from,health-medicine;environment;urban-rural,reading;writing-task2;speaking-part3,B2,basic;cloze;production,teacher,approved,yes,dengue;public-health;report
report-009,worsen,/ˈwɜː.sən/,Reporting Verbs & Academic Language,verb_phrase,"to become worse, or to make something become worse",trở nên xấu đi,Heavy rain is expected to worsen the flooding overnight.,,P2,worsen,health-medicine;environment;urban-rural,reading;writing-task2;speaking-part3,B2,basic;cloze;production,teacher,approved,yes,dengue;public-health;report
report-010,I am afraid (that)…,/aɪ əm əˈfreɪd ðət/,Reporting Verbs & Academic Language,sentence_frame,used to introduce bad news or an unwelcome opinion politely,tôi e rằng…,I am afraid that the situation will get worse before it gets better.,,P2,I am afraid (that)…,health-medicine;environment;urban-rural,reading;writing-task2;speaking-part3,B2,basic;cloze;production,teacher,approved,yes,dengue;public-health;report
